{
  "Aphid": {
    "precision": 0.8888888888888888,
    "recall": 0.7111111111111111,
    "f1-score": 0.7901234567901234,
    "support": 135.0
  },
  "Black_Rust": {
    "precision": 0.580952380952381,
    "recall": 0.7093023255813954,
    "f1-score": 0.6387434554973822,
    "support": 86.0
  },
  "Blast": {
    "precision": 0.6771653543307087,
    "recall": 0.8865979381443299,
    "f1-score": 0.7678571428571429,
    "support": 97.0
  },
  "Brown_Rust": {
    "precision": 0.9572649572649573,
    "recall": 0.5863874345549738,
    "f1-score": 0.7272727272727273,
    "support": 191.0
  },
  "Common_Root_Rot": {
    "precision": 0.7307692307692307,
    "recall": 0.8260869565217391,
    "f1-score": 0.7755102040816326,
    "support": 92.0
  },
  "Fusarium_Head_Blight": {
    "precision": 0.7297297297297297,
    "recall": 0.8804347826086957,
    "f1-score": 0.7980295566502463,
    "support": 92.0
  },
  "Healthy": {
    "precision": 0.8271604938271605,
    "recall": 0.8933333333333333,
    "f1-score": 0.8589743589743589,
    "support": 150.0
  },
  "Leaf_Blight": {
    "precision": 0.4461538461538462,
    "recall": 0.4566929133858268,
    "f1-score": 0.45136186770428016,
    "support": 127.0
  },
  "Mildew": {
    "precision": 0.821656050955414,
    "recall": 0.7962962962962963,
    "f1-score": 0.8087774294670846,
    "support": 162.0
  },
  "Mite": {
    "precision": 0.8446601941747572,
    "recall": 0.725,
    "f1-score": 0.7802690582959642,
    "support": 120.0
  },
  "Septoria": {
    "precision": 0.8421052631578947,
    "recall": 0.8372093023255814,
    "f1-score": 0.8396501457725948,
    "support": 172.0
  },
  "Smut": {
    "precision": 0.8743169398907104,
    "recall": 0.8163265306122449,
    "f1-score": 0.8443271767810027,
    "support": 196.0
  },
  "Stem_fly": {
    "precision": 0.8611111111111112,
    "recall": 0.8857142857142857,
    "f1-score": 0.8732394366197183,
    "support": 35.0
  },
  "Tan_spot": {
    "precision": 0.35428571428571426,
    "recall": 0.5344827586206896,
    "f1-score": 0.4261168384879725,
    "support": 116.0
  },
  "Yellow_Rust": {
    "precision": 0.9717514124293786,
    "recall": 0.882051282051282,
    "f1-score": 0.9247311827956989,
    "support": 195.0
  },
  "accuracy": 0.7573753814852492,
  "macro avg": {
    "precision": 0.7605314378614588,
    "recall": 0.7618018167241192,
    "f1-score": 0.7536656025365286,
    "support": 1966.0
  },
  "weighted avg": {
    "precision": 0.7858541984121835,
    "recall": 0.7573753814852492,
    "f1-score": 0.7633785875484274,
    "support": 1966.0
  }
}