{
  "stage1": {
    "accuracy": [
      0.3706934154033661,
      0.5872219800949097,
      0.6381378173828125,
      0.6695377230644226,
      0.6891626715660095,
      0.7074792981147766,
      0.71794593334198,
      0.7204535603523254,
      0.7319014668464661,
      0.744112491607666,
      0.748582661151886,
      0.7629742622375488,
      0.7712603807449341,
      0.7710422873497009,
      0.780636727809906,
      0.7800915837287903,
      0.7928478121757507,
      0.7892498970031738,
      0.7986262440681458,
      0.803096354007721,
      0.8087658286094666,
      0.8075665235519409,
      0.8100741505622864,
      0.81476229429245,
      0.8162887096405029,
      0.814217209815979,
      0.8124727606773376,
      0.815634548664093,
      0.8187963366508484,
      0.825774073600769
    ],
    "loss": [
      2.0657432079315186,
      1.3738679885864258,
      1.1695865392684937,
      1.0544856786727905,
      0.9958715438842773,
      0.9343253970146179,
      0.8796637058258057,
      0.847062885761261,
      0.823462188243866,
      0.7932134866714478,
      0.771125078201294,
      0.742924690246582,
      0.7158308029174805,
      0.6976205706596375,
      0.67844557762146,
      0.6725392937660217,
      0.6414569020271301,
      0.6393072605133057,
      0.6168867945671082,
      0.61259925365448,
      0.5884962677955627,
      0.5897785425186157,
      0.5791254043579102,
      0.5689935684204102,
      0.564156174659729,
      0.5653234124183655,
      0.5587058663368225,
      0.5525673031806946,
      0.5457886457443237,
      0.5344356298446655
    ],
    "val_accuracy": [
      0.593591034412384,
      0.6642929911613464,
      0.6826042532920837,
      0.691251277923584,
      0.7054933905601501,
      0.7177008986473083,
      0.7187182307243347,
      0.7248219847679138,
      0.7334689497947693,
      0.7349948883056641,
      0.7355035543441772,
      0.7405900359153748,
      0.7482197284698486,
      0.7416073083877563,
      0.7482197284698486,
      0.7517802715301514,
      0.7558494210243225,
      0.7543234825134277,
      0.7533062100410461,
      0.7492370009422302,
      0.7573753595352173,
      0.762970507144928,
      0.7589012980461121,
      0.76093590259552,
      0.7619531750679016,
      0.762970507144928,
      0.7619531750679016,
      0.7644964456558228,
      0.7619531750679016,
      0.7644964456558228
    ],
    "val_loss": [
      1.4504544734954834,
      1.1317851543426514,
      1.0364227294921875,
      0.9856377840042114,
      0.9357771277427673,
      0.8793967962265015,
      0.867411732673645,
      0.8486747145652771,
      0.8250036835670471,
      0.8274897336959839,
      0.8093624711036682,
      0.8068923950195312,
      0.7794202566146851,
      0.7867277264595032,
      0.7690755724906921,
      0.7594856023788452,
      0.7468506693840027,
      0.7531528472900391,
      0.7505703568458557,
      0.7541370987892151,
      0.7317146062850952,
      0.7297785878181458,
      0.7296843528747559,
      0.7203148007392883,
      0.7213384509086609,
      0.7286565899848938,
      0.7147226929664612,
      0.7117988467216492,
      0.7029503583908081,
      0.7107191681861877
    ],
    "learning_rate": [
      9.999999747378752e-05,
      9.999999747378752e-05,
      9.999999747378752e-05,
      9.999999747378752e-05,
      9.999999747378752e-05,
      9.999999747378752e-05,
      9.999999747378752e-05,
      9.999999747378752e-05,
      9.999999747378752e-05,
      9.999999747378752e-05,
      9.999999747378752e-05,
      9.999999747378752e-05,
      9.999999747378752e-05,
      9.999999747378752e-05,
      9.999999747378752e-05,
      9.999999747378752e-05,
      9.999999747378752e-05,
      9.999999747378752e-05,
      9.999999747378752e-05,
      9.999999747378752e-05,
      4.999999873689376e-05,
      4.999999873689376e-05,
      4.999999873689376e-05,
      4.999999873689376e-05,
      4.999999873689376e-05,
      4.999999873689376e-05,
      4.999999873689376e-05,
      4.999999873689376e-05,
      4.999999873689376e-05,
      4.999999873689376e-05
    ]
  },
  "stage2": {
    "accuracy": [
      0.6950501799583435,
      0.7373527884483337,
      0.7502180337905884,
      0.7655909061431885,
      0.7758395075798035,
      0.7787832617759705,
      0.7818360328674316,
      0.7917575240135193,
      0.7957915663719177,
      0.806912362575531
    ],
    "loss": [
      1.006537914276123,
      0.8607713580131531,
      0.7990964651107788,
      0.7484378218650818,
      0.7128241062164307,
      0.6860124468803406,
      0.6687943339347839,
      0.646935224533081,
      0.6299150586128235,
      0.5940251350402832
    ],
    "val_accuracy": [
      0.7217701077461243,
      0.723296046257019,
      0.7375381588935852,
      0.7421159744262695,
      0.7436419129371643,
      0.747202455997467,
      0.7487283945083618,
      0.7497456669807434,
      0.7533062100410461,
      0.7533062100410461
    ],
    "val_loss": [
      0.906133234500885,
      0.8739607930183411,
      0.8320549130439758,
      0.7996470332145691,
      0.7807483077049255,
      0.7608753442764282,
      0.7483834028244019,
      0.738460898399353,
      0.7236136198043823,
      0.715027391910553
    ],
    "learning_rate": [
      9.999999747378752e-06,
      9.999999747378752e-06,
      9.999999747378752e-06,
      9.999999747378752e-06,
      9.999999747378752e-06,
      9.999999747378752e-06,
      9.999999747378752e-06,
      9.999999747378752e-06,
      9.999999747378752e-06,
      9.999999747378752e-06
    ]
  }
}