{
  "Aphid": {
    "precision": 0.9017857142857143,
    "recall": 0.7481481481481481,
    "f1-score": 0.8178137651821862,
    "support": 135.0
  },
  "Black_Rust": {
    "precision": 0.6506024096385542,
    "recall": 0.627906976744186,
    "f1-score": 0.6390532544378699,
    "support": 86.0
  },
  "Blast": {
    "precision": 0.7807017543859649,
    "recall": 0.9175257731958762,
    "f1-score": 0.8436018957345972,
    "support": 97.0
  },
  "Brown_Rust": {
    "precision": 0.9161290322580645,
    "recall": 0.743455497382199,
    "f1-score": 0.8208092485549133,
    "support": 191.0
  },
  "Common_Root_Rot": {
    "precision": 0.75,
    "recall": 0.8152173913043478,
    "f1-score": 0.78125,
    "support": 92.0
  },
  "Fusarium_Head_Blight": {
    "precision": 0.9404761904761905,
    "recall": 0.8586956521739131,
    "f1-score": 0.8977272727272727,
    "support": 92.0
  },
  "Healthy": {
    "precision": 0.922077922077922,
    "recall": 0.9466666666666667,
    "f1-score": 0.9342105263157895,
    "support": 150.0
  },
  "Leaf_Blight": {
    "precision": 0.5398773006134969,
    "recall": 0.6929133858267716,
    "f1-score": 0.6068965517241379,
    "support": 127.0
  },
  "Mildew": {
    "precision": 0.9171974522292994,
    "recall": 0.8888888888888888,
    "f1-score": 0.9028213166144201,
    "support": 162.0
  },
  "Mite": {
    "precision": 0.8362068965517241,
    "recall": 0.8083333333333333,
    "f1-score": 0.8220338983050848,
    "support": 120.0
  },
  "Septoria": {
    "precision": 0.925,
    "recall": 0.8604651162790697,
    "f1-score": 0.891566265060241,
    "support": 172.0
  },
  "Smut": {
    "precision": 0.8708133971291866,
    "recall": 0.9285714285714286,
    "f1-score": 0.8987654320987655,
    "support": 196.0
  },
  "Stem_fly": {
    "precision": 0.8918918918918919,
    "recall": 0.9428571428571428,
    "f1-score": 0.9166666666666666,
    "support": 35.0
  },
  "Tan_spot": {
    "precision": 0.5037037037037037,
    "recall": 0.5862068965517241,
    "f1-score": 0.5418326693227091,
    "support": 116.0
  },
  "Yellow_Rust": {
    "precision": 0.983957219251337,
    "recall": 0.9435897435897436,
    "f1-score": 0.9633507853403142,
    "support": 195.0
  },
  "accuracy": 0.82706002034588,
  "macro avg": {
    "precision": 0.8220280589662033,
    "recall": 0.8206294694342293,
    "f1-score": 0.818559969872331,
    "support": 1966.0
  },
  "weighted avg": {
    "precision": 0.8397910749197144,
    "recall": 0.82706002034588,
    "f1-score": 0.830538457850831,
    "support": 1966.0
  }
}