{
  "stage1": {
    "accuracy": [
      0.4000217914581299,
      0.5974705815315247,
      0.6532926559448242,
      0.6906890273094177,
      0.710641086101532,
      0.7368077039718628,
      0.7454208731651306,
      0.7562145590782166,
      0.7685346603393555,
      0.7818360328674316,
      0.7890318632125854,
      0.7959005832672119,
      0.8051679134368896,
      0.8075665235519409,
      0.8183602094650269,
      0.825883150100708,
      0.827300488948822,
      0.8311164379119873,
      0.8363497853279114,
      0.8409289121627808,
      0.8544483184814453,
      0.8578281998634338,
      0.8583732843399048,
      0.8559747338294983,
      0.8605538606643677,
      0.8648059368133545,
      0.8596816658973694,
      0.8709114789962769,
      0.8645879030227661,
      0.8686218857765198
    ],
    "loss": [
      1.9421412944793701,
      1.2876312732696533,
      1.0876250267028809,
      0.9676377773284912,
      0.8925755620002747,
      0.8171019554138184,
      0.7684991955757141,
      0.7343513369560242,
      0.6980054974555969,
      0.6553539037704468,
      0.632024347782135,
      0.6138684749603271,
      0.5872396230697632,
      0.5702332854270935,
      0.5439162254333496,
      0.5289923548698425,
      0.5115338563919067,
      0.5037655830383301,
      0.4797544777393341,
      0.47880399227142334,
      0.4447835683822632,
      0.4299633502960205,
      0.43017563223838806,
      0.4211827516555786,
      0.4231012463569641,
      0.40826478600502014,
      0.40686509013175964,
      0.38924986124038696,
      0.390291303396225,
      0.38828274607658386
    ],
    "val_accuracy": [
      0.6525940895080566,
      0.7019328474998474,
      0.7344862818717957,
      0.7395727634429932,
      0.7553408145904541,
      0.7634791731834412,
      0.7655137181282043,
      0.7660223841667175,
      0.7685655951499939,
      0.7756866812705994,
      0.7777212858200073,
      0.7899287939071655,
      0.7833163738250732,
      0.795015275478363,
      0.7899287939071655,
      0.8056968450546265,
      0.8016276955604553,
      0.8077314496040344,
      0.7995930910110474,
      0.8031536340713501,
      0.8143438696861267,
      0.8097659945487976,
      0.8148524761199951,
      0.8112919926643372,
      0.8148524761199951,
      0.8128179311752319,
      0.8138352036476135,
      0.8062055110931396,
      0.8163784146308899,
      0.8173957467079163
    ],
    "val_loss": [
      1.1765618324279785,
      0.9755512475967407,
      0.866031289100647,
      0.8477897047996521,
      0.7916367053985596,
      0.7449185252189636,
      0.7444983720779419,
      0.7169151902198792,
      0.7143864035606384,
      0.6899048089981079,
      0.6892562508583069,
      0.659601628780365,
      0.654369592666626,
      0.6312771439552307,
      0.629606306552887,
      0.6219667196273804,
      0.6072220206260681,
      0.6113860011100769,
      0.6247124075889587,
      0.6219648122787476,
      0.5856059193611145,
      0.5892012715339661,
      0.585502564907074,
      0.5826354622840881,
      0.5691591501235962,
      0.5811771750450134,
      0.5747723579406738,
      0.5776218175888062,
      0.5714479088783264,
      0.5623433589935303
    ],
    "learning_rate": [
      9.999999747378752e-05,
      9.999999747378752e-05,
      9.999999747378752e-05,
      9.999999747378752e-05,
      9.999999747378752e-05,
      9.999999747378752e-05,
      9.999999747378752e-05,
      9.999999747378752e-05,
      9.999999747378752e-05,
      9.999999747378752e-05,
      9.999999747378752e-05,
      9.999999747378752e-05,
      9.999999747378752e-05,
      9.999999747378752e-05,
      9.999999747378752e-05,
      9.999999747378752e-05,
      9.999999747378752e-05,
      9.999999747378752e-05,
      9.999999747378752e-05,
      9.999999747378752e-05,
      4.999999873689376e-05,
      4.999999873689376e-05,
      4.999999873689376e-05,
      4.999999873689376e-05,
      4.999999873689376e-05,
      4.999999873689376e-05,
      4.999999873689376e-05,
      4.999999873689376e-05,
      2.499999936844688e-05,
      2.499999936844688e-05
    ]
  },
  "stage2": {
    "accuracy": [
      0.7856519818305969,
      0.8413650393486023,
      0.857064962387085,
      0.8678587079048157,
      0.8776711821556091,
      0.8839947581291199,
      0.889119029045105,
      0.8960968255996704,
      0.902311384677887,
      0.9075446724891663
    ],
    "loss": [
      0.6267526745796204,
      0.4671669602394104,
      0.4185490906238556,
      0.37939831614494324,
      0.35927173495292664,
      0.33798155188560486,
      0.3212948441505432,
      0.30152833461761475,
      0.2862924337387085,
      0.26268476247787476
    ],
    "val_accuracy": [
      0.8011190295219421,
      0.8056968450546265,
      0.8148524761199951,
      0.8194302916526794,
      0.8260427117347717,
      0.8336724042892456,
      0.832655131816864,
      0.8362156748771667,
      0.8341810703277588,
      0.8392675518989563
    ],
    "val_loss": [
      0.6103942394256592,
      0.590340256690979,
      0.5768230557441711,
      0.5708286166191101,
      0.5514587163925171,
      0.5292111039161682,
      0.5307327508926392,
      0.5289905667304993,
      0.5246766805648804,
      0.5157482624053955
    ],
    "learning_rate": [
      9.999999747378752e-06,
      9.999999747378752e-06,
      9.999999747378752e-06,
      9.999999747378752e-06,
      9.999999747378752e-06,
      9.999999747378752e-06,
      9.999999747378752e-06,
      9.999999747378752e-06,
      9.999999747378752e-06,
      9.999999747378752e-06
    ]
  }
}